k,num_contigs,total_length,n50,n90,largest_contig,gc_content,genome_fraction,misassemblies,mismatches,indels
35,1,1020,1020,1020,1020,51.37254901960784,100.0,0,0.0,98.04
45,1,1040,1040,1040,1040,51.24999999999999,100.0,0,0.0,0.0
